ID,ScientificName,EnglishName,PowerType,PowerCategory,PowerDetails,Predator,Flocking,VictoryPoints,NestType,EggLimit,WingspanCM,HabitatForest,HabitatGrasslands,HabitatWetlands,FoodNone,FoodWild,FoodInvertebrate,FoodSeed,FoodFruit,FoodFish,FoodRodent
37,Melanerpes formicivorus,Acorn Woodpecker,Activated,Caching Food,Gain 1 seed from the birdfeeder (if available). You may cache it on this card.,n,n,5,Cavity,4,46,y,n,n,0,0,0,3,0,0,0
44,Recurvirostra americana,American Avocet ,Between,Caching Food,"When another player takes the “lay eggs” action, this bird lays 1 egg on another with a ground nest.",n,n,6,Ground,2,79,n,n,y,0,0,2,1,0,0,0
79,Botaurus lentiginosus,American Bittern ,Activated,Caching Food,Player(s) with fewest Wetland birds: draw 1 card.,n,n,7,Platform,2,107,n,n,y,0,0,1,0,0,1,1
89,Fulica americana,American Coot,Activated,Caching Food,"Tuck a card from your hand behind this bird. If you do, draw 1 card.",n,y,3,Platform,5,61,n,n,y,0,1,0,1,0,0,0
25,Corvus brachyrhynchos,American Crow ,Activated,Caching Food,Discard 1 egg from any of your other birds to gain 1 food (of any type) from the supply.,n,n,4,Platform,2,99,y,y,y,0,1,0,0,0,0,0
17,Spinus tristis,American Goldfinch ,Played,Caching Food,Gain 3 seeds from the supply.,n,n,3,Bowl,3,23,n,y,n,0,0,0,2,0,0,0
123,Falco sparverius,American Kestrel ,Activated,Caching Food,"Roll all dice not in birdfeeder. If any are rodents, gain 1 rodent and cache it on this card.",y,n,5,Cavity,3,56,n,y,n,0,0,1,0,0,0,1
81,Haematopus palliatus,American Oystercatcher,Played,Caching Food,"Draw cards equal to the number of players +1. Starting with you and proceeding clockwise, each player selects 1 of those cards and places it in their hand. You keep the extra card.",n,n,5,Ground,2,81,n,n,y,0,0,2,0,0,0,0
90,Turdus migratorius,American Robin,Activated,Caching Food,"Tuck a card from your hand behind this bird. If you do, draw 1 card.",n,y,1,Bowl,4,43,y,y,n,0,0,0.45,0,0.45,0,0
102,Pelecanus erythrorhynchos,American White Pelican ,Activated,Caching Food,Discard 1 fish to tuck 2 cards from the deck behind this bird.,n,y,5,Ground,1,274,n,n,y,0,0,0,0,0,2,0
167,Scolopax minor,American Woodcock,None,Caching Food,None,n,n,9,Ground,2,46,y,y,n,0,0,2,1,0,0,0
117,Anhinga anhinga,Anhinga,Activated,Caching Food,"Roll all dice not in birdfeeder. If any are fish, gain 1 fish and cache it on this card.",y,n,6,Platform,2,114,n,n,y,0,0,0,0,0,2,0
7,Calypte anna,Anna’s Hummingbird ,Activated,Card-drawing,"Each player gains 1 food from the birdfeeder, starting with the player of your choice.",n,n,4,Bowl,2,13,y,y,y,0,1,0,0,0,0,0
49,Myiarchus cinerascens,Ash-Throated Flycatcher ,Played,Card-drawing,Lay 1 egg on each of your birds with a Cavity nest.,n,n,4,Cavity,4,30,n,y,n,0,0,2,0,1,0,0
140,Fratercula arctica,Atlantic Puffin,Played,Card-drawing,Draw 2 new bonus cards and keep 1.,n,n,8,Wild,1,53,n,n,y,0,0,0,0,0,3,0
57,Ammodramus bairdii,Baird’s Sparrow ,Activated,Card-drawing,Lay 1 egg on any bird.,n,n,3,Ground,2,23,n,y,n,0,0,1,1,0,0,0
5,Haliaeetus leucocephalus,Bald Eagle ,Played,Card-drawing,Gain all Fish that are in the birdfeeder.,n,n,9,Platform,1,203,n,n,y,0,0,0,0,0,2,1
22,Icterus galbula,Baltimore Oriole ,Activated,Card-drawing,All players gain 1 berry from the supply.,n,n,9,Wild,2,30,y,n,n,0,0,1,0,2,0,0
124,Tyto alba,Barn Owl,Activated,Card-drawing,"Roll all dice not in birdfeeder. If any are rodents, gain 1 rodent and cache it on this card.",y,n,5,Cavity,4,107,y,y,y,0,0,0,0,0,0,2
91,Hirundo rustica,Barn Swallow,Activated,Card-drawing,"Tuck a card from your hand behind this bird. If you do, draw 1 card.",n,y,1,Wild,3,38,n,y,y,0,0,1,0,0,0,0
107,Strix varia,Barred Owl,Activated,Card-drawing,"Look at a card from the deck. If <75cm, tuck it under this card. If not, discard it.",y,n,3,Cavity,2,107,y,n,n,0,0,0,0,0,0,1
45,Bucephala islandica,Barrow’s Goldeneye ,Between,Card-drawing,"When another player takes the “lay eggs” action, this bird lays 1 egg on another with a cavity nest.",n,n,5,Cavity,4,71,n,n,y,0,0,1,1,0,1,0
141,Vireo bellii,Bell’s Vireo,Played,Card-drawing,Draw 2 new bonus cards and keep 1.,n,n,4,Wild,2,18,y,y,n,0,0,2,0,0,0,0
30,Megaceryle alcyon,Belted Kingfisher ,Between,Card-drawing,"When another player plays a Wetland bird, gain 1 fish from the supply.",n,n,4,Wild,4,53,n,n,y,0,1,0,0,0,1,0
129,Thryomanes bewickii,Bewick’s Wren,Activated,Card-drawing,"If bird is to right of all other birds in its habitat, move it to another habitat.",n,n,4,Cavity,3,18,y,y,y,0,0,2,1,0,0,0
118,Rynchops niger,Black Skimmer ,Activated,Card-drawing,"Roll all dice not in birdfeeder. If any are fish, gain 1 fish and cache it on this card.",y,n,6,Ground,2,112,n,n,y,0,0,0,0,0,2,0
66,Chlidonias niger,Black Tern,Activated,Card-drawing,"Draw 1 card. If you do, discard 1 card from your hand at the end of your turn.",n,n,4,Wild,2,61,n,n,y,0,0,0.45,0,0,0.45,0
11,Coragyps atratus,Black Vulture ,Between,Card-drawing,"When another player’s predator succeeds, gain 1 food from the birdfeeder.",n,n,2,Cavity,1,150,y,n,n,1,0,0,0,0,0,0
103,Dendrocygna autumnalis,Black-Bellied Whistling-Duck,Activated,Card-drawing,Discard 1 seed to tuck 2 cards from the deck behind this bird.,n,y,2,Cavity,5,76,n,n,y,0,0,0,2,0,0,0
10,Pica hudsonia,Black-billed Magpie ,Between,Card-drawing,"When another player’s predator succeeds, gain 1 food from the birdfeeder.",n,n,3,Wild,3,64,n,y,n,0,2,0,0,0,0,0
26,Nycticorax nycticorax,Black-Crowned Night-Heron ,Activated,Card-drawing,Discard 1 egg from any of your other birds to gain 1 food (of any type) from the supply.,n,n,9,Platform,2,112,n,n,y,0,0,1,0,0,1,1
64,Himantopus mexicanus,Black-necked Stilt ,Played,Egg-laying,Draw 2 cards.,n,n,4,Ground,2,74,n,n,y,0,0,2,0,0,0,0
130,Passerina caerulea,Blue Grosbeak,Activated,Egg-laying,"If bird is to right of all other birds in its habitat, move it to another habitat.",n,n,4,Bowl,3,28,y,y,y,0,0,1,2,0,0,0
38,Cyanocitta cristata,Blue Jay,Activated,Egg-laying,Gain 1 seed from the birdfeeder (if available). You may cache it on this card.,n,n,3,Bowl,2,41,y,n,n,0,1,0,1,0,0,0
13,Polioptila caerulea,Blue-Gray Gnatcatcher ,Activated,Egg-laying,Gain 1 invertebrate from the supply.,n,n,1,Bowl,3,15,y,n,n,0,0,1,0,0,0,0
166,Vermivora cyanoptera,Blue-Winged Warbler,None,Egg-laying,None,n,n,8,Bowl,2,20,y,y,n,0,0,2,0,0,0,0
50,Dolichonyx oryzivorus,Bobolink,Played,Egg-laying,Lay 1 egg on each of your birds with a Ground nest.,n,n,4,Ground,3,30,n,y,n,0,0,1,2,0,0,0
85,Euphagus cyanocephalus,Brewer’s Blackbird ,Activated,Egg-laying,"Tuck a card from your hand behind this bird. If you do, also lay 1 egg on this bird.",n,y,3,Bowl,3,41,n,y,n,0,1,0,1,0,0,0
46,Molothrus aeneus,Bronzed Cowbird ,Between,Egg-laying,"When another player takes the “lay eggs” action, this bird lays 1 egg on another with a bowl nest.",n,n,5,None,0,36,n,y,n,0,0,1,1,0,0,0
18,Pelecanus occidentalis,Brown Pelican,Played,Egg-laying,Gain 3 fish from the supply.,n,n,4,Platform,2,201,n,n,y,0,0,0,0,0,2,0
47,Molothrus ater,Brown-headed Cowbird ,Between,Egg-laying,"When another player takes the “lay eggs” action, this bird lays 1 egg on another with a bowl nest.",n,n,3,None,0,30,n,y,n,0,0,0,1,0,0,0
125,Athene cunicularia,Burrowing Owl ,Activated,Egg-laying,"Roll all dice not in birdfeeder. If any are rodents, gain 1 rodent and cache it on this card.",y,n,5,Wild,4,53,n,y,n,0,0,1,0,0,0,1
87,Psaltriparus minimus,Bushtit,Activated,Egg-laying,"Tuck a card from your hand behind this bird. If you do, also lay 1 egg on this bird.",n,y,2,Wild,5,15,y,y,y,0,0,1,1,0,0,0
142,Gymnogyps californianus,California Condor,Played,Egg-laying,Draw 2 new bonus cards and keep 1.,n,n,1,Ground,1,277,y,y,y,1,0,0,0,0,0,0
60,Callipepla californica,California Quail ,Activated,Egg-laying,Lay 1 egg on this bird.,n,n,3,Ground,6,36,y,y,n,0,0,1,2,0,0,0
104,Branta canadensis,Canada Goose ,Activated,Egg-laying,Discard 1 seed to tuck 2 cards from the deck behind this bird.,n,y,3,Ground,3,132,n,y,y,0,0,0,2,0,0,0
32,Poecile carolinensis,Carolina Chickadee ,Activated,Egg-laying,Gain 1 seed from the supply and cache it on this card.,n,n,2,Cavity,3,20,y,n,n,0,0,0.45,0.45,0,0,0
65,Thryothorus ludovicianus,Carolina Wren,Played,Egg-laying,Draw 2 cards.,n,n,1,Cavity,5,20,y,n,n,0,0,0.45,0,0.45,0,0
143,Haemorhous cassinii,Cassin’s Finch,Played,Egg-laying,Draw 2 new bonus cards and keep 1.,n,n,4,Bowl,3,30,y,n,n,0,0,0,1,1,0,0
58,Peucaea cassinii,Cassin’s Sparrow ,Activated,Egg-laying,Lay 1 egg on any bird.,n,n,3,Ground,2,20,n,y,n,0,0,1,1,0,0,0
98,Bombycilla cedrorum,Cedar Waxwing,Activated,Flocking,"Tuck a card from your hand behind this bird. If you do, gain 1 berry from the supply.",n,y,3,Bowl,3,25,y,y,n,0,0,0,0,2,0,0
144,Setophaga cerulea,Cerulean Warbler ,Played,Flocking,Draw 2 new bonus cards and keep 1.,n,n,4,Bowl,2,20,y,n,n,0,0,1,1,0,0,0
145,Calcarius ornatus,Chestnut-Collared Longspur ,Played,Flocking,Draw 2 new bonus cards and keep 1.,n,n,5,Ground,4,25,n,y,n,0,0,1,2,0,0,0
27,Corvus cryptoleucus,Chihuahuan Raven,Activated,Flocking,Discard 1 egg from any of your other birds to gain 2 food (of any type) from the supply.,n,n,4,Platform,3,112,n,y,n,0,2,0,0,0,0,1
131,Chaetura pelagica,Chimney Swift,Activated,Flocking,"If bird is to right of all other birds in its habitat, move it to another habitat.",n,n,3,Wild,2,36,y,y,y,0,0,2,0,0,0,0
59,Spizella passerina,Chipping Sparrow ,Activated,Flocking,Lay 1 egg on any bird.,n,n,1,Bowl,3,23,y,y,n,0,0,0.45,0.45,0,0,0
67,Aechmophorus clarkii,Clark’s Grebe ,Activated,Flocking,"Draw 1 card. If you do, discard 1 card from your hand at the end of your turn.",n,n,5,Wild,2,61,n,n,y,0,0,0,0,0,1,0
39,Nucifraga columbiana,Clark’s Nutcracker ,Activated,Flocking,Gain 1 seed from the birdfeeder (if available). You may cache it on this card.,n,n,5,Platform,2,61,y,n,n,0,1,0,2,0,0,0
84,Quiscalus quiscula,Common Grackle ,Activated,Flocking,"Tuck a card from your hand behind this bird. If you do, also lay 1 egg on this bird.",n,y,3,Bowl,3,43,y,y,y,0,1,0,1,0,0,0
80,Gavia immer,Common Loon,Activated,Flocking,Player(s) with fewest Wetland birds: draw 1 card.,n,n,6,Ground,1,117,n,n,y,0,1,0,0,0,1,0
119,Mergus merganser,Common Merganser ,Activated,Flocking,"Roll all dice not in birdfeeder. If any are fish, gain 1 fish and cache it on this card.",y,n,5,Cavity,4,86,n,n,y,0,1,0,0,0,1,0
132,Chordeiles minor,Common Nighthawk ,Activated,Flocking,"If bird is to right of all other birds in its habitat, move it to another habitat.",n,n,3,Ground,2,56,y,y,y,0,0,2,0,0,0,0
28,Corvus corax,Common Raven,Activated,Flocking,Discard 1 egg from any of your other birds to gain 2 food (of any type) from the supply.,n,n,5,Platform,2,135,y,y,y,0,2,0,0,0,0,1
69,Geothlypis trichas,Common Yellowthroat ,Activated,Flocking,"Draw 2 cards. If you do, discard 1 card from your hand at the end of your turn.",n,n,1,Bowl,4,18,n,n,y,0,0,1,0,0,0,0
108,Accipiter cooperii,Cooper’s Hawk ,Activated,Flocking,"Look at a card from the deck. If <75cm, tuck it under this card. If not, discard it.",y,n,3,Platform,2,79,y,n,n,0,0,0,0,0,0,1
99,Junco hyemalis,Dark-Eyed Junco,Activated,Flocking,"Tuck a card from your hand behind this bird. If you do, gain 1 seed from the supply.",n,y,3,Ground,3,23,y,y,n,0,0,1,1,0,0,0
88,Spiza americana,Dickcissel,Activated,Flocking,"Tuck a card from your hand behind this bird. If you do, also lay 1 egg on this bird.",n,y,4,Ground,3,25,n,y,n,0,0,1,2,0,0,0
105,Phalacrocorax auritus,Double-Crested Cormorant ,Activated,Flocking,Discard 1 fish to tuck 2 cards from the deck behind this bird.,n,y,3,Platform,3,132,n,n,y,0,1,0,0,0,1,0
155,Picoides pubescens,Downy Woodpecker ,Played,Flocking,Play a second bird in your Forest habitat. Pay its normal cost.,n,n,3,Cavity,2,30,y,n,n,0,0,0.3,0.3,0.3,0,0
156,Sialia sialis,Eastern Bluebird,Played,Flocking,Play a second bird in your grassland habitat. Pay its normal cost.,n,n,4,Cavity,5,33,n,y,n,0,0,1,0,1,0,0
31,Tyrannus tyrannus,Eastern Kingbird,Between,Flocking,"When another player plays a Forest bird, gain 1 invertebrate from the supply.",n,n,2,Bowl,2,38,y,y,y,0,0,0.45,0,0.45,0,0
19,Sayornis phoebe,Eastern Phoebe ,Activated,Flocking,All players gain 1 invertebrate from the supply.,n,n,3,Wild,4,28,y,y,y,0,0,0.45,0,0.45,0,0
126,Megascops asio,Eastern Screech Owl ,Activated,Flocking,"Roll all dice not in birdfeeder. If any are rodents, gain 1 rodent and cache it on this card.",y,n,4,Cavity,2,51,y,n,n,0,0,0.45,0,0,0,0.45
127,Buteo regalis,Ferruginous Hawk ,Activated,Flocking,"Roll all dice not in birdfeeder. If any are rodents, gain 1 rodent and cache it on this card.",y,n,6,Platform,2,142,n,y,n,0,0,0,0,0,0,2
29,Corvus ossifragus,Fish Crow,Activated,Flocking,Discard 1 egg from any of your other birds to gain 1 food (of any type) from the supply.,n,n,6,Platform,2,91,y,y,y,0,1,0,0,0,1,0
68,Sterna forsteri,Forster’s Tern ,Activated,Food from Birdfeeder,"Draw 1 card. If you do, discard 1 card from your hand at the end of your turn.",n,n,4,Wild,2,79,n,n,y,0,0,0.45,0,0,0.45,0
73,Leucophaeus pipixcan,Franklin’s Gull ,Activated,Food from Birdfeeder,Discard 1 egg to draw 2 cards.,n,n,3,Wild,2,91,n,y,y,0,1,0,0,0,1,0
109,Aquila chrysaetos,Golden Eagle,Activated,Food from Birdfeeder,"Look at a card from the deck. If <100cm, tuck it under this card. If not, discard it.",y,n,8,Platform,1,201,n,y,y,0,0,0,0,0,0,3
56,Ammodramus savannarum,Grasshopper Sparrow ,Activated,Food from Birdfeeder,Lay 1 egg on any bird.,n,n,2,Ground,2,20,n,y,n,0,0,0.45,0.45,0,0,0
137,Dumetella carolinensis,Gray Catbird,Activated,Food from Birdfeeder,Repeat a brown power on one other bird in this habitat.,n,n,5,Bowl,3,28,y,y,y,0,0,1,0,2,0,0
157,Ardea herodias,Great Blue Heron,Played,Food from Birdfeeder,Play a second bird in your Wetland habitat. Pay its normal cost.,n,n,5,Platform,2,183,n,n,y,0,0,1,0,0,1,0
1,Myiarchus crinitus,Great Crested Flycatcher ,Activated,Food from Birdfeeder,"Gain 1 invertebrate from the birdfeeder, if there is one.",n,n,5,Cavity,3,33,y,n,n,0,0,1,0,1,0,0
158,Ardea alba,Great Egret,Played,Food from Birdfeeder,Play a second bird in your Wetland habitat. Pay its normal cost.,n,n,7,Platform,3,130,n,n,y,0,0,0,0,0,2,1
110,Bubo virginianus,Great Horned Owl ,Activated,Food from Birdfeeder,"Look at a card from the deck. If <100cm, tuck it under this card. If not, discard it.",y,n,8,Platform,2,112,y,n,n,0,0,0,0,0,0,3
146,Tympanuchus cupido,Greater Prairie-Chicken ,Played,Food from Birdfeeder,Draw 2 new bonus cards and keep 1.,n,n,5,Ground,4,71,n,y,n,0,0,1,2,0,0,0
111,Geococcyx californianus,Greater Roadrunner ,Activated,Food from Birdfeeder,"Look at a card from the deck. If <50cm, tuck it under this card. If not, discard it.",y,n,7,Platform,2,56,n,y,n,0,1,1,0,0,0,1
24,Butorides virescens,Green Heron,Activated,Food from Birdfeeder,Trade 1 food of any type for any other food from the supply.,n,n,4,Platform,3,66,n,n,y,0,0,0.45,0,0,0.45,0
9,Catharus guttatus,Hermit Thrush,Activated,Food from Supply,Player(s) with fewest Forest birds gain 1 food from birdfeeder.,n,n,7,Wild,2,30,y,n,n,0,0,1,0,2,0,0
139,Lophodytes cucullatus,Hooded Merganser,Activated,Food from Supply,Repeat 1 Predator power in this habitat.,n,n,5,Cavity,4,61,n,n,y,0,0,1,0,0,1,0
168,Setophaga citrina,Hooded Warbler,None,Food from Supply,None,n,n,7,Bowl,3,18,y,n,n,0,0,2,0,0,0,0
82,Eremophila alpestris,Horned Lark,Between,Food from Supply,"When another player plays a Grassland bird, tuck 1 card from your hand behind this bird.",n,y,5,Ground,4,30,n,y,n,0,0,1,1,0,0,0
92,Haemorhous mexicanus,House Finch,Activated,Food from Supply,"Tuck a card from your hand behind this bird. If you do, draw 1 card.",n,y,3,Bowl,6,25,y,y,y,0,0,0,1,1,0,0
159,Troglodytes aedon,House Wren,Played,Food from Supply,Play a second bird in your grassland or forest habitat. Pay its normal cost.,n,n,1,Cavity,5,15,y,y,n,0,0,1,0,0,0,0
51,Columbina inca,Inca Dove,Played,Food from Supply,Lay 1 egg on each of your birds with a Platform nest.,n,n,2,Platform,4,28,n,y,n,0,0,0,2,0,0,0
2,Passerina cyanea,Indigo Bunting ,Activated,Food from Supply,"Gain 1 invertebrate or berry from the birdfeeder, if there is one.",n,n,5,Bowl,3,20,y,y,n,0,0,1,1,1,0,0
33,Baeolophus ridgwayi,Juniper Titmouse ,Activated,Food from Supply,Gain 1 seed from the supply and cache it on this card.,n,n,4,Cavity,3,23,y,n,n,0,0,1,1,0,0,0
74,Charadrius vociferus,Killdeer,Activated,Food from Supply,Discard 1 egg to draw 2 cards.,n,n,1,Ground,3,46,n,y,y,0,0,0.45,0.45,0,0,0
147,Rallus elegans,King Rail,Played,Food from Supply,Draw 2 new bonus cards and keep 1.,n,n,4,Platform,6,51,n,n,y,0,1,1,0,0,1,0
54,Passerina amoena,Lazuli Bunting ,Activated,Food from Supply,All players lay 1 egg on any 1 Bowl-nested bird. You may lay 1 egg on 1 additional Bowl-nested bird.,n,n,4,Bowl,4,23,n,y,n,0,0,1,1,1,0,0
133,Melospiza lincolnii,Lincoln’s Sparrow,Activated,Food from Supply,"If bird is to right of all other birds in its habitat, move it to another habitat.",n,n,3,Ground,2,20,y,y,y,0,0,1,1,0,0,0
43,Lanius ludovicianus,Loggerhead Shrike,Between,Food from Supply,"When another player takes the “gain food” action, if they gain any number of rodents, also gain 1 rodent from the supply and cache it on this card.",n,n,3,Bowl,4,30,n,y,y,0,0,1,0,0,0,1
63,Anas platyrhynchos,Mallard,Activated,Food from Supply,Draw 1 card.,n,n,0,Ground,4,89,n,n,y,0,0,0.45,0.45,0,0,0
128,Ictinia mississippiensis,Mississippi Kite,Activated,Food from Supply,"Roll all dice not in birdfeeder. If any are rodents, gain 1 rodent and cache it on this card.",y,n,4,Platform,1,79,y,y,n,0,0,0.45,0,0,0,0.45
160,Sialia currucoides,Mountain Bluebird ,Played,Food from Supply,Play a second bird in your grassland habitat. Pay its normal cost.,n,n,4,Cavity,5,36,n,y,n,0,0,1,0,1,0,0
34,Poecile gambeli,Mountain Chickadee ,Activated,Food from Supply,Gain 1 seed from the supply and cache it on this card.,n,n,2,Cavity,3,23,y,n,n,0,0,0.45,0.45,0,0,0
61,Zenaida macroura,Mourning Dove ,Activated,Food from Supply,Lay 1 egg on any bird.,n,n,0,Platform,5,46,y,y,y,0,0,0,1,0,0,0
62,Colinus virginianus,Northern Bobwhite,Activated,Hunting/Fishing,Lay 1 egg on this bird.,n,n,5,Ground,6,33,n,y,n,0,0,0,3,0,0,0
14,Cardinalis cardinalis,Northern Cardinal ,Activated,Hunting/Fishing,Gain 1 berry from the supply.,n,n,3,Bowl,5,30,y,n,n,0,0,0,1,1,0,0
6,Colaptes auratus,Northern Flicker,Played,Hunting/Fishing,Gain all Invertebrate that are in the birdfeeder.,n,n,2,Cavity,4,51,y,y,n,0,0,0.3,0.3,0.3,0,0
112,Circus cyaneus,Northern Harrier ,Activated,Hunting/Fishing,"Look at a card from the deck. If <75cm, tuck it under this card. If not, discard it.",y,n,3,Platform,2,109,n,y,y,0,0,0,0,0,0,1
138,Mimus polyglottos,Northern Mockingbird ,Activated,Hunting/Fishing,Repeat a brown power on one other bird in this habitat.,n,n,2,Bowl,4,36,y,y,y,0,0,1,0,1,0,0
75,Spatula clypeata,Northern Shoveler ,Activated,Hunting/Fishing,All players draw 1 card from the deck.,n,n,7,Ground,4,76,n,n,y,0,0,1,2,0,0,0
21,Pandion haliaetus,Osprey,Activated,Hunting/Fishing,All players gain 1 fish from the supply.,n,n,5,Platform,2,160,n,n,y,0,0,0,0,0,1,0
148,Passerina ciris,Painted Bunting ,Played,Hunting/Fishing,Draw 2 new bonus cards and keep 1.,n,n,5,Bowl,4,23,n,y,n,0,0,1,2,0,0,0
113,Falco peregrinus,Peregrine Falcon ,Activated,Hunting/Fishing,"Look at a card from the deck. If <100cm, tuck it under this card. If not, discard it.",y,n,5,Platform,2,104,n,y,y,0,0,0,0,0,0,2
70,Podilymbus podiceps,Pied-billed Grebe ,Activated,Hunting/Fishing,"Draw 2 cards. If you do, discard 1 card from your hand at the end of your turn.",n,n,0,Platform,4,41,n,n,y,0,0,0.45,0,0,0.45,0
53,Dryocopus pileatus,Pileated Woodpecker ,Activated,Hunting/Fishing,All players lay 1 egg on any 1 Cavity-nested bird. You may lay 1 egg on 1 additional Cavity-nested bird.,n,n,4,Cavity,2,74,y,n,n,0,0,1,0,1,0,0
100,Spinus pinus,Pine Siskin,Activated,Hunting/Fishing,"Tuck a card from your hand behind this bird. If you do, gain 1 seed from the supply.",n,y,3,Bowl,2,23,y,n,n,0,0,0,2,0,0,0
169,Protonotaria citrea,Prothonotary Warbler,None,Hunting/Fishing,None,n,n,8,Cavity,4,23,y,n,y,0,0,2,1,0,0,0
76,Porphyrio martinicus,Purple Gallinule ,Activated,Hunting/Fishing,All players draw 1 card from the deck.,n,n,7,Platform,4,56,n,n,y,0,1,0,1,1,0,0
93,Progne subis,Purple Martin,Activated,Hunting/Fishing,"Tuck a card from your hand behind this bird. If you do, draw 1 card.",n,y,2,Cavity,3,46,n,y,y,0,0,1,0,0,0,0
101,Sitta pygmaea,Pygmy Nuthatch,Activated,Hunting/Fishing,"Tuck a card from your hand behind this bird. If you do, gain 1 invertebrate or 1 seed from the supply.",n,y,2,Cavity,4,20,y,n,n,0,0,1,1,0,0,0
23,Loxia curvirostra,Red Crossbill,Activated,Hunting/Fishing,All players gain 1 seed from the supply.,n,n,6,Bowl,2,28,y,n,n,0,0,0,2,0,0,0
40,Melanerpes carolinus,Red-Bellied Woodpecker ,Activated,Hunting/Fishing,Gain 1 seed from the birdfeeder (if available). You may cache it on this card.,n,n,1,Cavity,3,41,y,n,n,0,0,0.45,0.45,0,0,0
35,Sitta canadensis,Red-Breasted Nuthatch ,Activated,Hunting/Fishing,Gain 1 seed from the supply and cache it on this card.,n,n,2,Cavity,3,23,y,n,n,0,0,0.45,0.45,0,0,0
149,Picoides borealis,Red-Cockaded Woodpecker ,Played,Hunting/Fishing,Draw 2 new bonus cards and keep 1.,n,n,4,Cavity,2,36,y,n,n,0,0,1,0,1,0,0
161,Vireo olivaceus,Red-Eyed Vireo ,Played,Hunting/Fishing,Play a second bird in your Forest habitat. Pay its normal cost.,n,n,3,Wild,2,25,y,n,n,0,0,0.45,0,0.45,0,0
41,Melanerpes erythrocephalus,Red-Headed Woodpecker ,Activated,Hunting/Fishing,Gain 1 seed from the birdfeeder (if available). You may cache it on this card.,n,n,4,Cavity,3,43,y,y,y,0,1,1,1,0,0,0
114,Buteo lineatus,Red-Shouldered Hawk ,Activated,None,"Look at a card from the deck. If <75cm, tuck it under this card. If not, discard it.",y,n,3,Platform,2,102,y,n,n,0,0,0,0,0,0,1
115,Buteo jamaicensis,Red-Tailed Hawk ,Activated,None,"Look at a card from the deck. If <75cm, tuck it under this card. If not, discard it.",y,n,5,Platform,2,124,y,y,y,0,0,0,0,0,0,2
83,Agelaius phoeniceus,Red-Winged Blackbird ,Activated,None,"Tuck a card from your hand behind this bird. If you do, also lay 1 egg on this bird.",n,y,2,Bowl,3,33,n,y,y,0,0,0,1,0,0,0
94,Larus delawarensis,Ring-Billed Gull,Activated,None,"Tuck a card from your hand behind this bird. If you do, draw 1 card.",n,y,4,Ground,2,122,n,n,y,0,2,0,0,0,0,0
3,Pheucticus ludovicianus,Rose-breasted Grosbeak ,Activated,None,"Gain 1 seed or fruit from the birdfeeder, if there is one.",n,n,6,Bowl,3,33,y,n,n,0,0,1,1,1,0,0
150,Platalea ajaja,Roseate Spoonbill ,Played,None,Draw 2 new bonus cards and keep 1.,n,n,6,Platform,2,127,n,n,y,0,0,1,1,0,1,0
162,Regulus calendula,Ruby-crowned Kinglet ,Played,Other,Play a second bird in your Forest habitat. Pay its normal cost.,n,n,2,Bowl,3,20,y,n,n,0,0,0.3,0.3,0.3,0,0
8,Archilochus colubris,Ruby-throated Hummingbird,Activated,Other,"Each player gains 1 food from the birdfeeder, starting with the player of your choice.",n,n,4,Bowl,2,10,y,y,y,0,1,0,0,0,0,0
71,Oxyura jamaicensis,Ruddy Duck,Activated,Other,"Draw 2 cards. If you do, discard 1 card from your hand at the end of your turn.",n,n,0,Platform,5,48,n,n,y,0,0,0.45,0.45,0,0,0
106,Antigone canadensis,Sandhill Crane,Activated,Other,Discard 1 seed to tuck 2 cards from the deck behind this bird.,n,y,5,Ground,1,196,n,y,y,0,1,0,2,0,0,0
163,Passerculus sandwichensis,Savannah Sparrow ,Played,Other,Play a second bird in your grassland habitat. Pay its normal cost.,n,n,2,Ground,3,18,n,y,n,0,0,0.45,0.45,0,0,0
52,Sayornis saya,Say’s Phoebe,Played,Other,Lay 1 egg on each of your birds with a Bowl nest.,n,n,5,Bowl,3,33,n,y,n,0,0,3,0,0,0,0
20,Tyrannus forficatus,Scissor-Tailed Flycatcher ,Activated,Other,All players gain 1 invertebrate from the supply.,n,n,8,Bowl,2,38,n,y,n,0,0,2,0,1,0,0
120,Egretta thula,Snowy Egret ,Activated,Other,"Roll all dice not in birdfeeder. If any are fish, gain 1 fish and cache it on this card.",y,n,4,Platform,2,104,n,n,y,0,0,0.45,0,0,0.45,0
134,Melospiza melodia,Song Sparrow ,Activated,Other,"If bird is to right of all other birds in its habitat, move it to another habitat.",n,n,0,Bowl,5,20,y,y,y,0,0,0.3,0.3,0.3,0,0
151,Strix occidentalis,Spotted Owl,Played,Other,Draw 2 new bonus cards and keep 1.,n,n,5,Cavity,1,102,y,n,n,0,0,0,0,0,0,2
77,Actitis macularius,Spotted Sandpiper ,Activated,Other,All players draw 1 card from the deck.,n,n,5,Ground,2,38,n,n,y,0,0,1,0,0,0,0
15,Pipilo maculatus,Spotted Towhee ,Activated,Other,Gain 1 seed from the supply.,n,n,0,Ground,4,28,y,y,n,0,0,0.3,0.3,0.3,0,0
152,Anthus spraguei,Sprague’s Pipit,Played,Other,Draw 2 new bonus cards and keep 1.,n,n,3,Ground,3,25,n,y,n,0,0,1,1,0,0,0
42,Cyanocitta stelleri,Steller’s Jay,Activated,Other,Gain 1 seed from the birdfeeder (if available). You may cache it on this card.,n,n,5,Bowl,2,48,y,n,n,0,1,0,2,0,0,0
116,Buteo swainsoni,Swainson’s Hawk,Activated,Other,"Look at a card from the deck. If <75cm, tuck it under this card. If not, discard it.",y,n,5,Platform,2,130,n,y,n,0,0,1,0,0,0,1
95,Tachycineta bicolor,Tree Swallow ,Activated,Other,"Tuck a card from your hand behind this bird. If you do, draw 1 card.",n,y,3,Cavity,4,38,n,n,y,0,0,1,0,1,0,0
170,Cygnus buccinator,Trumpeter Swan,None,Other,None,n,n,9,Ground,2,203,n,n,y,0,1,0,2,0,0,0
164,Baeolophus bicolor,Tufted Titmouse,Played,Other,Play a second bird in your Forest habitat. Pay its normal cost.,n,n,2,Cavity,3,25,y,n,n,0,0,0.3,0.3,0.3,0,0
12,Cathartes aura,Turkey Vulture,Between,Other,"When another player’s predator succeeds, gain 1 food from the birdfeeder.",n,n,1,Cavity,1,170,y,y,y,1,0,0,0,0,0,0
96,Tachycineta thalassina,Violet-Green Swallow ,Activated,Other,"Tuck a card from your hand behind this bird. If you do, draw 1 card.",n,y,3,Cavity,3,36,y,y,y,0,0,2,0,0,0,0
55,Sturnella neglecta,Western Meadowlark,Activated,Other,All players lay 1 egg on any 1 Ground-nested bird. You may lay 1 egg on 1 additional Ground-nested bird.,n,n,2,Ground,4,38,n,y,n,0,0,1,1,0,0,0
4,Piranga ludoviciana,Western Tanager,Activated,Other,"Gain 1 invertebrate or berry from the birdfeeder, if there is one.",n,n,6,Bowl,2,30,y,n,n,0,0,2,0,1,0,0
36,Sitta carolinensis,White-breasted Nuthatch ,Activated,Other,Gain 1 seed from the birdfeeder and cache it on this card.,n,n,2,Cavity,3,28,y,n,n,0,0,0.45,0.45,0,0,0
135,Zonotrichia leucophrys,White-Crowned Sparrow ,Activated,Other,"If bird is to right of all other birds in its habitat, move it to another habitat.",n,n,2,Ground,5,25,y,y,y,0,0,1,1,0,0,0
121,Plegadis chihi,White-Faced Ibis ,Activated,Other,"Roll all dice not in birdfeeder. If any are fish, gain 1 fish and cache it on this card.",y,n,8,Platform,2,91,n,n,y,0,0,2,0,0,1,0
153,Grus americana,Whooping Crane,Played,Other,Draw 2 new bonus cards and keep 1.,n,n,6,Ground,1,221,n,n,y,0,3,0,0,0,0,0
165,Meleagris gallopavo,Wild Turkey,None,Other,None,n,n,8,Ground,5,135,y,y,n,0,0,0,2,1,0,0
122,Tringa semipalmata,Willet,Activated,Other,"Roll all dice not in birdfeeder. If any are fish, gain 1 fish and cache it on this card.",y,n,4,Ground,2,66,n,n,y,0,0,0.45,0,0,0.45,0
78,Gallinago delicata,Wilson’s Snipe,Activated,Other,All players draw 1 card from the deck.,n,n,5,Ground,2,41,n,n,y,0,0,1,0,0,0,0
72,Aix sponsa,Wood Duck,Activated,Other,"Draw 2 cards. If you do, discard 1 card from your hand at the end of your turn.",n,n,4,Cavity,4,76,y,n,y,0,0,0,2,1,0,0
154,Mycteria americana,Wood Stork,Played,Other,Draw 2 new bonus cards and keep 1.,n,n,6,Platform,2,155,n,n,y,0,1,0,0,0,1,1
16,Sphyrapicus varius,Yellow-Bellied Sapsucker ,Activated,Other,Gain 1 invertebrate from the supply.,n,n,3,Cavity,3,41,y,n,n,0,0,1,0,1,0,0
48,Coccyzus americanus,Yellow-Billed Cuckoo,Between,Other,"When another player takes the “lay eggs” action, this bird lays 1 egg on another with a bowl nest.",n,n,5,Platform,2,46,y,n,n,0,1,2,0,0,0,0
136,Icteria virens,Yellow-Breasted Chat ,Activated,Other,"If this bird is to the right of all other birds in its habitat, move it to another habitat.",n,n,5,Bowl,3,25,y,y,y,0,0,1,0,2,0,0
86,Xanthocephalus xanthocephalus,Yellow-Headed Blackbird ,Activated,Other,"Tuck a card from your hand behind this bird. If you do, also lay 1 egg on this bird.",n,y,4,Bowl,3,38,n,n,y,0,0,1,1,0,0,0
97,Setophaga coronata,Yellow-Rumped Warbler ,Activated,Other,"Tuck a card from your hand behind this bird. If you do, draw 1 card.",n,y,1,Bowl,4,23,y,n,n,0,0,0.3,0.3,0.3,0,0